{
    "APPSTATE_PATH": "./appstate.json",
    "APPSTATE_PROTECTION": true,
    "AUTO_PING_SERVER": true,
    "ALLOW_INBOX": true,
    "DATABASE": "JSON",
    "DATABASE_JSON_BEAUTIFY": true,
    "FCA_OPTIONS": {
        "pauseLog": true,
        "logLevel": "silent",
        "selfListen": true,
        "listenEvents": true,
        "forceLogin": true,
        "userAgent": "Mozilla/5.0 (Linux; Android 9; SM-G973U Build/PPR1.180610.011) AppleWebKit/537.36 (KHTML, like Gecko) Chrome/69.0.3497.100 Mobile Safari/537.36"
    },
    "LANGUAGE": "vi_VN",
    "LOG_LEVEL": 0,
    "MODERATORS": [
        "61567428057610",
        "",
        "",
        "",
        "",
        "",
        "",
        "",
        "",
        "",
        "",
        "",
        "",
        "",
        "",
        "",
        "",
        "",
        "",
        "",
        "",
        "",
        "",
        "",
        "",
        ""
    ],
    "NAME": " Anh Là Tiến Đạt ( Real ) 裏",
    "PREFIX": " ",
    "timezone": "Asia/Ho_Chi_Minh",
    "REFRESH": "4320000",
    "DEVICE_ID": "PRD_0Py4aC9REkrggTD",
    "ADMIN": [
        "61567428057610",
        ""
    ],
    "ABSOLUTES": [
        "61567428057610",
        "",
        "",
        "",
        "",
        "",
        "",
        "",
        "",
        "",
        "",
        "",
        "",
        "",
        "",
        "",
        ""
    ]
}